"request_id","session_id","round_index","phase","attempt","retry_of","warmup","started_at","status","model_ttft_ms","page_first_text_ms","first_audio_ms","error_code","evidence_ref"
"4fa8a849-8d25-48e1-b990-90fe90aa5648","b21c7641-25f0-4513-8efd-3374690496bf","1","first","1","","false","2026-10-06T08:16:44.9962590+00:00","success","822.217467","900.5","1318.300000000745","","evidence/formal-bob-20261006.csv row 2"
"76daca0d-e1c4-4db5-ab5a-b32772df71e6","b21c7641-25f0-4513-8efd-3374690496bf","2","followup","1","","false","2026-10-06T08:20:23.3752460+00:00","success","791.66596","1031.4000000022352","1238.800000000745","","evidence/formal-bob-20261006.csv row 3"
"d4d5a519-53e5-40ba-8f7e-72d71da7732a","b21c7641-25f0-4513-8efd-3374690496bf","3","subsequent","1","","false","2026-10-06T08:20:54.5526650+00:00","success","521.282095","552.6000000014901","950.6999999992549","","evidence/formal-bob-20261006.csv row 4"
"94626b40-60ae-4c43-9519-7aed073b34ac","104ed98e-f327-4d46-bd17-7ff2eefdcfa6","1","first","1","","false","2026-10-06T08:21:23.6920330+00:00","success","794.852506","867.0","1213.5","","evidence/formal-bob-20261006.csv row 5"
"7d5f85f8-5e1f-493e-832b-2638b4881031","104ed98e-f327-4d46-bd17-7ff2eefdcfa6","2","followup","1","","false","2026-10-06T08:21:36.8131280+00:00","success","609.260773","733.6999999992549","922.4000000022352","","evidence/formal-bob-20261006.csv row 6"
"e17067b1-d160-4b06-b174-f0c949b478be","104ed98e-f327-4d46-bd17-7ff2eefdcfa6","3","subsequent","1","","false","2026-10-06T08:21:51.7109960+00:00","success","565.988614","604.0","918.3000000007451","","evidence/formal-bob-20261006.csv row 7"
"477ceb44-3736-4446-b705-8a4d985e6591","bda5ae44-ac44-47cd-9887-c69978f9ffdd","1","first","1","","false","2026-10-06T08:22:25.6264860+00:00","success","1020.64125","1097.5999999977648","1477.300000000745","","evidence/formal-bob-20261006.csv row 8"
"6824686e-8347-4b61-8f60-9b3e37600369","bda5ae44-ac44-47cd-9887-c69978f9ffdd","2","followup","1","","false","2026-10-06T08:22:45.5206380+00:00","success","489.967319","691.8000000007451","881.5","","evidence/formal-bob-20261006.csv row 9"
"935ac4dc-3950-4c53-80ec-b0718268f54c","bda5ae44-ac44-47cd-9887-c69978f9ffdd","3","subsequent","1","","false","2026-10-06T08:23:04.0809180+00:00","success","864.150208","902.5999999977648","1190.3999999985099","","evidence/formal-bob-20261006.csv row 10"
"8f46dec3-de43-4080-8d30-6b890ec21c66","1b9989ee-3906-4873-b09a-a14a7b29c518","1","first","1","","false","2026-10-06T08:23:31.1202120+00:00","success","961.474569","1037.199999999255","1219.699999999255","","evidence/formal-bob-20261006.csv row 11"
"b37ebc60-1653-4bfe-ba1a-f125f7dbbdfe","1b9989ee-3906-4873-b09a-a14a7b29c518","2","followup","1","","false","2026-10-06T08:23:45.5173900+00:00","success","547.557442","666.6000000014901","853.5","","evidence/formal-bob-20261006.csv row 12"
"03edf316-de6c-4ff8-ae33-cde4812d698c","1b9989ee-3906-4873-b09a-a14a7b29c518","3","subsequent","1","","false","2026-10-06T08:24:03.6974800+00:00","success","533.917861","561.6000000014901","915.6000000014901","","evidence/formal-bob-20261006.csv row 13"
"70ecd9c8-44a2-44cf-8b06-195e89825b0b","09f52c17-0175-4e5e-9541-99a426a44433","1","first","1","","false","2026-10-06T08:39:37.6765340+00:00","success","789.075286","858.2999999970198","1215.8999999985099","","evidence/formal-bob-20261006.csv row 14"
"1edb4e09-7f1a-4318-a467-32ead6420386","09f52c17-0175-4e5e-9541-99a426a44433","2","followup","1","","false","2026-10-06T08:43:41.5350560+00:00","success","450.991647","782.0","963.5","","evidence/formal-bob-20261006.csv row 15"
"29742e1b-b679-41be-a29d-26e52aa186b6","09f52c17-0175-4e5e-9541-99a426a44433","3","subsequent","1","","false","2026-10-06T08:44:04.7872650+00:00","success","521.617304","559.3999999985099","901.6999999992549","","evidence/formal-bob-20261006.csv row 16"
"5e5fa484-e42a-45d6-9155-18309b309527","4d502291-461e-4f71-96b9-47136c72967c","1","first","1","","false","2026-10-06T08:44:28.7850880+00:00","success","850.236775","914.8000000007451","1287.8999999985099","","evidence/formal-bob-20261006.csv row 17"
"61c33a95-ad08-40d7-8dad-58a052d06753","4d502291-461e-4f71-96b9-47136c72967c","2","followup","1","","false","2026-10-06T08:44:52.2275390+00:00","success","531.152453","763.5999999977648","945.1999999992549","","evidence/formal-bob-20261006.csv row 18"
"48e40ad1-3f4f-4698-a7ae-b3b8cb478bc5","4d502291-461e-4f71-96b9-47136c72967c","3","subsequent","1","","false","2026-10-06T08:45:20.0003830+00:00","success","572.403592","608.4000000022352","1034.4000000022352","","evidence/formal-bob-20261006.csv row 19"
"adfa6247-4e76-4d6a-a3ae-0c21f202138e","0f01ee1c-6988-4fa8-bd03-209b5238f8bc","1","first","1","","false","2026-10-06T08:45:46.8000800+00:00","success","618.808468","690.6999999992549","1189.6000000014901","","evidence/formal-bob-20261006.csv row 20"
"f7cfba30-37ca-475e-b642-33f8ae82d12d","0f01ee1c-6988-4fa8-bd03-209b5238f8bc","2","followup","1","","false","2026-10-06T08:46:05.3239830+00:00","success","661.337985","867.6000000014901","1058.3999999985099","","evidence/formal-bob-20261006.csv row 21"
"8c913307-11a0-44d0-94a9-eb9d01939038","0f01ee1c-6988-4fa8-bd03-209b5238f8bc","3","subsequent","1","","false","2026-10-06T08:46:26.1362590+00:00","success","424.449641","466.30000000074506","958.0","","evidence/formal-bob-20261006.csv row 22"
